mot,section,type
advantage,A,mot
anxious,A,mot
ability,A,mot
advantageous,A,mot
apologize,A,mot
abroad,A,mot
advertise,A,mot
appeal,A,mot
absolutely,A,mot
advertisement,A,mot
appetizer,A,mot
accept,A,mot
advice,A,mot
appliance,A,mot
access,A,mot
advise,A,mot
applicant,A,mot
accessible,A,mot
affect,A,mot
application,A,mot
accident,A,mot
afford,A,mot
apply,A,mot
accommodate,A,mot
affordable,A,mot
appoint,A,mot
accommodation,A,mot
agency,A,mot
appointment,A,mot
accomplish,A,mot
agenda,A,mot
appreciable,A,mot
accomplishment,A,mot
agree,A,mot
appreciate,A,mot
according,A,mot
agreeable,A,mot
appreciation,A,mot
accordingly,A,mot
agreement,A,mot
appreciative,A,mot
accounting,A,mot
agricultural,A,mot
apprentice,A,mot
accurate,A,mot
aid,A,mot
approach,A,mot
achieve,A,mot
aim,A,mot
appropriate,A,mot
acquire,A,mot
airline,A,mot
approve,A,mot
act,A,mot
aisle,A,mot
approximate,A,mot
actually,A,mot
alarm,A,mot
arbitrate,A,mot
adapt,A,mot
allow,A,mot
area,A,mot
adapter,A,mot
alternative,A,mot
argue,A,mot
additional,A,mot
ambitious,A,mot
argument,A,mot
adequate,A,mot
amend,A,mot
arrange,A,mot
adjust,A,mot
amount,A,mot
arrangement,A,mot
adjustment,A,mot
amusing,A,mot
assemble,A,mot
administration,A,mot
analysis,A,mot
assess,A,mot
admire,A,mot
analyze,A,mot
assets,A,mot
admit,A,mot
announcement,A,mot
assign,A,mot
admittance,A,mot
annoying,A,mot
assignment,A,mot
advance,A,mot
annual,A,mot
assist,A,mot
advanced,A,mot
anticipate,A,mot
assistance,A,mot
assume,A,mot
block,A,mot
careless,A,mot
attach,A,mot
board,A,mot
cash,A,mot
attachment,A,mot
boarding pass,A,expression
cashier,A,mot
attend,A,mot
boardroom,A,mot
cause,A,mot
attendance,A,mot
boast,A,mot
cautious,A,mot
attentively,A,mot
book,A,mot
celebrate,A,mot
attract,A,mot
boost,A,mot
celebration,A,mot
audience,A,mot
bored,A,mot
cell phone,A,expression
audit,A,mot
borrow,A,mot
certificate,A,mot
authority,A,mot
bother,A,mot
certification,A,mot
authorize,A,mot
bottom line,A,expression
chain,A,mot
availability,A,mot
branch,A,mot
chain store,A,expression
available,A,mot
brand,A,mot
chair,A,mot
avoid,A,mot
briefcase,A,mot
chairman,A,mot
awareness,A,mot
briefing,A,mot
chairperson,A,mot
awkward,A,mot
broadcast,A,mot
characteristic,A,mot
broaden,B,mot
characterize,B,mot
background,B,mot
browser,B,mot
charge,B,mot
backpack,B,mot
brush,B,mot
charity,B,mot
baggage claim,B,expression
budget,B,mot
cheap,B,mot
balance,B,mot
bulletin,B,mot
check in,B,expression
bank,C,mot
check out,C,expression
bankrupt,C,mot
cabin crew,C,expression
chef,C,mot
barcode,C,mot
cafeteria,C,mot
circumstances,C,mot
bargain,C,mot
calculate,C,mot
claim,C,mot
basic,C,mot
calculation,C,mot
claimant,C,mot
behave,C,mot
calculator,C,mot
classification,C,mot
belongings,C,mot
campaign,C,mot
classify,C,mot
beneficial,C,mot
cancel,C,mot
clerk,C,mot
benefit,C,mot
cancellation,C,mot
client,C,mot
beverage,C,mot
candidacy,C,mot
climate,C,mot
bid,C,mot
candidate,C,mot
closure,C,mot
bill,C,mot
capacity,C,mot
coach,C,mot
binder,C,mot
capital,C,mot
code,C,mot
blanket,C,mot
career,C,mot
collect,C,mot
commence,C,mot
conduct,C,mot
cost,C,mot
commission,C,mot
confirm,C,mot
counter,C,mot
commit,C,mot
confirmation,C,mot
courier,C,mot
committee,C,mot
confusion,C,mot
cover letter,C,expression
common,C,mot
connect,C,mot
coverage,C,mot
commonly,C,mot
connection,C,mot
coworker,C,mot
commute,C,mot
consequence,C,mot
crash,C,mot
commuter,C,mot
consider,C,mot
credentials,C,mot
company,C,mot
considerable,C,mot
credit,C,mot
comparable,C,mot
consignment,C,mot
criteria,C,mot
compare,C,mot
consist,C,mot
critical,C,mot
compatible,C,mot
consistent,C,mot
criticize,C,mot
compensate,C,mot
consistently,C,mot
crowd,C,mot
compensation,C,mot
constant,C,mot
crowded,C,mot
competent,C,mot
constantly,C,mot
crucial,C,mot
competition,C,mot
construction,C,mot
cruise,C,mot
competitive,C,mot
consult,C,mot
currency,C,mot
competitor,C,mot
consultant,C,mot
current,C,mot
complain,C,mot
consume,C,mot
custom,C,mot
complaint,C,mot
consumer,C,mot
customer,C,mot
complete,C,mot
contain,C,mot
customs,C,mot
complex,C,mot
container,C,mot
cutting edge,C,expression
complexity,C,mot
continual,C,mot
cycle,C,mot
compliment,D,mot
continuation,D,mot
complimentary,D,mot
continue,D,mot
daily,D,mot
comply,D,mot
contribute,D,mot
damage,D,mot
comprehensive,D,mot
contribution,D,mot
deadline,D,mot
compromise,D,mot
control,D,mot
deal,D,mot
compulsory,D,mot
control panel,D,expression
debit,D,mot
concede,D,mot
convenient,D,mot
debt,D,mot
concern,D,mot
conveniently,D,mot
decision,D,mot
conclude,D,mot
convince,D,mot
decorate,D,mot
conclusion,D,mot
convincing,D,mot
decrease,D,mot
concourse,D,mot
corporate,D,mot
dedicate,D,mot
condition,D,mot
corporation,D,mot
deduct,D,mot
defect,D,mot
diagnose,D,mot
drastically,D,mot
defective,D,mot
differential,D,mot
draw,D,mot
definite,D,mot
director,D,mot
drawer,D,mot
definitely,D,mot
disagree,D,mot
drive,D,mot
degree,D,mot
disagreement,D,mot
drop,D,mot
delay,D,mot
disappointing,D,mot
dull,D,mot
delete,D,mot
disconnect,D,mot
duration,D,mot
delight,D,mot
discount,D,mot
duty-free,D,mot avec tiret
delighted,E,mot
discrepancy,E,mot
deliver,E,mot
discrimination,E,mot
earn,E,mot
delivery,E,mot
discuss,E,mot
earnings,E,mot
demand,E,mot
discussion,E,mot
economical,E,mot
demanding,E,mot
dish,E,mot
economize,E,mot
demonstrate,E,mot
dismiss,E,mot
economy,E,mot
depart,E,mot
dismissive,E,mot
effective,E,mot
department,E,mot
display,E,mot
effectively,E,mot
departure,E,mot
disposable,E,mot
effectiveness,E,mot
depend on,E,expression
dispose,E,mot
efficiency,E,mot
dependence,E,mot
dispute,E,mot
efficient,E,mot
deposit,E,mot
disruption,E,mot
efficiently,E,mot
description,E,mot
distinctive,E,mot
elderly,E,mot
designate,E,mot
distinguish,E,mot
electrical,E,mot
desperate,E,mot
distribute,E,mot
elevator,E,mot
dessert,E,mot
distribution,E,mot
embark,E,mot
destination,E,mot
dividend,E,mot
emergency,E,mot
detail,E,mot
document,E,mot
emphasize,E,mot
detailed,E,mot
donate,E,mot
detect,E,mot
donation,E,mot
employ,E,mot
deterioration,E,mot
double,E,mot
employee,E,mot
determine,E,mot
download,E,mot
employer,E,mot
determined,E,mot
downsize,E,mot
employment,E,mot
develop,E,mot
downturn,E,mot
enable,E,mot
developer,E,mot
downward,E,mot
enclose,E,mot
development,E,mot
dramatic,E,mot
encourage,E,mot
device,E,mot
drastic,E,mot
endurance,E,mot
endure,E,mot
experienced,E,mot
flight,E,mot
engineer,E,mot
experiment,E,mot
flight attendant,E,expression
engineering,E,mot
exploration,E,mot
fluctuate,E,mot
enhance,E,mot
explore,E,mot
fluctuation,E,mot
ensure,E,mot
express,E,mot
focus,E,mot
enterprise,E,mot
extend,E,mot
focused,E,mot
enthusiastic,E,mot
extension,E,mot
fold,E,mot
enthusiastically,E,mot
external,E,mot
folder,E,mot
entitlement,F,mot
force,F,mot
entrée,F,mot
facilities,F,mot
forecast,F,mot
environment,F,mot
facility,F,mot
foreign,F,mot
environmental,F,mot
factor,F,mot
forget,F,mot
equivalent,F,mot
factory,F,mot
forgetful,F,mot
essential,F,mot
fail,F,mot
form,F,mot
estimate,F,mot
failure,F,mot
forward,F,mot
evaluate,F,mot
fair,F,mot
founded,F,mot
event,F,mot
famed,F,mot
frank,F,mot
evidence,F,mot
fare,F,mot
frankly,F,mot
evolve,F,mot
fault,F,mot
fuel,F,mot
exact,F,mot
faulty,F,mot
fulfill,F,mot
examination,F,mot
favor,F,mot
function,F,mot
examine,F,mot
fax,F,mot
functional,F,mot
excel,F,mot
feature,F,mot
fundraising,F,mot
excellent,F,mot
fee,F,mot
furniture,F,mot
excursion,F,mot
feedback,F,mot
further,F,mot
executive,G,mot
field,G,mot
exhibit,G,mot
figure,G,mot
gesture,G,mot
expand,G,mot
file,G,mot
goal,G,mot
expansion,G,mot
fill out,G,expression
goods,G,mot
expect,G,mot
finance,G,mot
gradually,G,mot
expectation,G,mot
financial,G,mot
grievance,G,mot
expenditure,G,mot
grill,G,mot
expense,G,mot
firm,G,mot
growth,G,mot
expensive,G,mot
fix,G,mot
guarantee,G,mot
experience,G,mot
flexible,G,mot
guidelines,G,mot
inclined,H,mot
inventory,H,mot
haggle,H,mot
include,H,mot
invest,H,mot
handle,H,mot
inclusion,H,mot
investigate,H,mot
handy,H,mot
income,H,mot
investigation,H,mot
harbor,H,mot
inconvenience,H,mot
investment,H,mot
harmful,H,mot
increase,H,mot
invite,H,mot
hazardous,H,mot
indicate,H,mot
invoice,H,mot
head office,H,expression
indication,H,mot
isolate,H,mot
headquarters,H,mot
individual,H,mot
issue,H,mot
hesitate,H,mot
individually,H,mot
item,H,mot
hesitation,H,mot
inexperienced,H,mot
itemize,H,mot
hide,H,mot
infer,H,mot
itinerary,H,mot
highlight,J,mot
inflate,J,mot
highly,J,mot
inflation,J,mot
jealous,J,mot
hike,J,mot
influence,J,mot
jeopardize,J,mot
hire,J,mot
influential,J,mot
jeopardy,J,mot
hold,J,mot
information,J,mot
jobless,J,mot
homepage,J,mot
input,J,mot
join,J,mot
host,J,mot
inquiry,J,mot
joint,J,mot
install,I,mot
journal,I,mot
identification,I,mot
installation,I,mot
journey,I,mot
identify,I,mot
insurance,I,mot
judge,I,mot
imaginative,I,mot
insure,I,mot
justice,I,mot
immediate,I,mot
intend,I,mot
justification,I,mot
immediately,I,mot
intention,I,mot
justify,I,mot
impact,K,mot
intently,K,mot
impatient,K,mot
intern,K,mot
keen,K,mot
implement,K,mot
internal,K,mot
keep,K,mot
imply,K,mot
international,K,mot
knock,K,mot
internship,K,mot
know,K,mot
impression,K,mot
interrupt,K,mot
knowledge,K,mot
improper,K,mot
interview,K,mot
knowledgeable,K,mot
improve,L,mot
invaluable,L,mot
improvement,L,mot
invent,L,mot
label,L,mot
incentive,L,mot
invention,L,mot
labor,L,mot
lack,L,mot
mandatory,L,mot
nomination,L,mot
landlord,L,mot
manufacture,L,mot
notice,L,mot
laptop,L,mot
manufacturing,L,mot
notify,L,mot
launch,O,mot
marketing,O,mot
law,O,mot
mechanic,O,mot
objection,O,mot
lay off,O,expression
medic,O,mot
objective,O,mot
leak,O,mot
medical,O,mot
obligation,O,mot
lean,O,mot
medication,O,mot
oblige,O,mot
lease,O,mot
medicine,O,mot
obtain,O,mot
leisure,O,mot
meeting,O,mot
obviously,O,mot
lend,O,mot
membership,O,mot
occupation,O,mot
liability,O,mot
memo,O,mot
occur,O,mot
license,O,mot
memorandum,O,mot
officer,O,mot
licensing,O,mot
mention,O,mot
official,O,mot
lie,O,mot
merchandise,O,mot
onward,O,mot
limited,O,mot
mere,O,mot
operate,O,mot
limousine,O,mot
merge,O,mot
operation,O,mot
list,O,mot
merger,O,mot
opinion,O,mot
livestock,O,mot
mileage,O,mot
opportunity,O,mot
loan,O,mot
million,O,mot
optimistic,O,mot
lobby,O,mot
mishear,O,mot
order,O,mot
local,O,mot
misleading,O,mot
organization,O,mot
locate,O,mot
misrepresent,O,mot
organize,O,mot
log on,O,expression
monitor,O,mot
organized,O,mot
log out,O,expression
monument,O,mot
original,O,mot
loyal,O,mot
mortgage,O,mot
outline,O,mot
luggage,O,mot
motivate,O,mot
outlook,O,mot
luxurious,O,mot
motivation,O,mot
outstanding,O,mot
luxury,N,mot
overall,N,mot
napkin,M,mot
overdraft,M,mot
maintain,M,mot
narrow,M,mot
overseas,M,mot
maintenance,M,mot
narrowing,M,mot
overtime,M,mot
major,M,mot
neighborhood,M,mot
overview,M,mot
manage,M,mot
network,M,mot
owe,M,mot
managerial,M,mot
nominate,M,mot
pollute,P,mot
profitability,P,mot
package,P,mot
popular,P,mot
profitable,P,mot
package tour,P,expression
popularity,P,mot
progress,P,mot
parcel,P,mot
position,P,mot
progressive,P,mot
parking lot,P,expression
postpone,P,mot
prohibit,P,mot
participant,P,mot
postponement,P,mot
project,P,mot
particularly,P,mot
potential,P,mot
promote,P,mot
passenger,P,mot
power,P,mot
promotion,P,mot
patent,P,mot
practical,P,mot
prompt,P,mot
patented,P,mot
practically,P,mot
promptly,P,mot
patience,P,mot
predict,P,mot
properly,P,mot
payment,P,mot
predictable,P,mot
property,P,mot
perform,P,mot
prefer,P,mot
protect,P,mot
performance,P,mot
preference,P,mot
protection,P,mot
permanent,P,mot
premises,P,mot
publicity,P,mot
permission,P,mot
prepare,P,mot
publicize,P,mot
permit,P,mot
present,P,mot
purchase,P,mot
personal,P,mot
presentation,P,mot
purpose,P,mot
personalized,P,mot
press,P,mot
pursue,P,mot
personnel,Q,mot
prevent,Q,mot
persuade,Q,mot
prevention,Q,mot
qualification,Q,mot
pessimistic,Q,mot
price,Q,mot
qualifications,Q,mot
plant,Q,mot
priceless,Q,mot
qualify,Q,mot
platform,Q,mot
principal,Q,mot
pleasant,Q,mot
principle,Q,mot
questionnaire,Q,mot
plow,Q,mot
priority,Q,mot
quotation,Q,mot
plug in,Q,expression
private,Q,mot
quote,Q,mot
plumber,R,mot
probability,R,mot
point,R,mot
probably,R,mot
raise,R,mot
pointless,R,mot
probationary,R,mot
range,R,mot
policy,R,mot
process,R,mot
rare,R,mot
polite,R,mot
profession,R,mot
rate,R,mot
politician,R,mot
professional,R,mot
rational,R,mot
politics,R,mot
profile,R,mot
raw materials,R,expression
poll,R,mot
profit,R,mot
reach,R,mot
realize,R,mot
relaxation,R,mot
respond,R,mot
rearrange,R,mot
release,R,mot
responsibility,R,mot
reasonable,R,mot
relevant,R,mot
responsible,R,mot
reasonably,R,mot
remain,R,mot
restore,R,mot
receipt,R,mot
remarkable,R,mot
restructure,R,mot
receive,R,mot
remind,R,mot
résumé,R,mot
recent,R,mot
reminder,R,mot
retail,R,mot
reception,R,mot
remittance,R,mot
retire,R,mot
receptive,R,mot
remove,R,mot
retirement,R,mot
recipe,R,mot
remuneration,R,mot
review,R,mot
recognize,R,mot
renovate,R,mot
revise,R,mot
recommend,R,mot
renovation,R,mot
revised,R,mot
recommendation,R,mot
rent,R,mot
right away,R,expression
recruit,R,mot
repair,R,mot
rival,R,mot
recruitment,R,mot
repayment,R,mot
roadside,R,mot
reduce,R,mot
repetitive,R,mot
roughly,R,mot
reduction,R,mot
replace,R,mot
route,R,mot
redundant,R,mot
replacement,R,mot
runway,R,mot
refrigerator,S,mot
report,S,mot
refund,S,mot
represent,S,mot
salary,S,mot
refundable,S,mot
representative,S,mot
sale,S,mot
refusal,S,mot
request,S,mot
salvage,S,mot
refuse,S,mot
require,S,mot
sample,S,mot
regarding,S,mot
requirement,S,mot
satisfactory,S,mot
regardless,S,mot
reschedule,S,mot
satisfied,S,mot
regional,S,mot
rescue,S,mot
satisfy,S,mot
register,S,mot
resemble,S,mot
save,S,mot
registration,S,mot
reservation,S,mot
scene,S,mot
regret,S,mot
reserve,S,mot
scenery,S,mot
regular,S,mot
resign,S,mot
schedule,S,mot
regularly,S,mot
resist,S,mot
scrutinize,S,mot
regulate,S,mot
resolve,S,mot
search engine,S,expression
rehearse,S,mot
respect,S,mot
secluded,S,mot
reject,S,mot
respectable,S,mot
secretarial,S,mot
relax,S,mot
respectful,S,mot
secretary,S,mot
select,S,mot
stare,S,mot
temporary,S,mot
selection,S,mot
starter,S,mot
tenant,S,mot
selective,S,mot
stationery,S,mot
terminate,S,mot
seminar,S,mot
steep,S,mot
terrible,S,mot
senior,S,mot
stock,S,mot
terrific,S,mot
serious,S,mot
strategic,S,mot
theoretical,S,mot
service,S,mot
strategy,S,mot
theory,S,mot
several,S,mot
streamline,S,mot
thorough,S,mot
shape,S,mot
strike,S,mot
tidy,S,mot
sharp,S,mot
studio,S,mot
tip,S,mot
shift,S,mot
submit,S,mot
tour,S,mot
shine,S,mot
subscribe,S,mot
tourism,S,mot
shipment,S,mot
subscription,S,mot
tourist,S,mot
shipping,S,mot
subsidiary,S,mot
towel,S,mot
shortage,S,mot
suggest,S,mot
tower,S,mot
shuttle,S,mot
suggestion,S,mot
track,S,mot
sightseeing,S,mot
suit,S,mot
trade,S,mot
significant,S,mot
suitability,S,mot
tradition,S,mot
simplify,S,mot
suitable,S,mot
traffic,S,mot
situation,S,mot
supervise,S,mot
training,S,mot
slump,S,mot
supervision,S,mot
transfer,S,mot
software,S,mot
supplier,S,mot
transform,S,mot
solar,S,mot
supply,S,mot
transformation,S,mot
spacious,S,mot
support,S,mot
transit,S,mot
spare part,S,expression
supporter,S,mot
transportation,S,mot
spare time,S,expression
surrounding,S,mot
tremendous,S,mot
specialize,S,mot
suspicious,S,mot
trend,S,mot
specialty,S,mot
switchboard,S,mot
trial,S,mot
specification,S,mot
systematic,S,mot
triumph,S,mot
specify,T,mot
trust,T,mot
spectator,T,mot
takeover,T,mot
turnover,T,mot
stable,U,mot
target,U,mot
stadium,U,mot
tax,U,mot
unconditional,U,mot
staff,U,mot
technical,U,mot
understand,U,mot
stapler,U,mot
technician,U,mot
unfavorable,U,mot
unfortunately,U,mot
various,U,mot
wholesale,U,mot
uniform,U,mot
vendor,U,mot
win,U,mot
unspoiled,U,mot
venture,U,mot
withdraw,U,mot
unwrap,U,mot
venue,U,mot
withdrawal,U,mot
upcoming,U,mot
virus,U,mot
workplace,U,mot
update,U,mot
vital,U,mot
workshop,U,mot
upgrade,W,mot
worth,W,mot
upset,W,mot
wage,W,mot
worthless,W,mot
upstairs,W,mot
walkway,W,mot
wrap,W,mot
utility bill,X,expression
warehouse,X,mot
utmost,X,mot
warn,X,mot
x-ray,X,mot avec tiret
utterly,Y,mot
warning,Y,mot
warrant,V,mot
yearly,V,mot
vacancy,V,mot
warranty,V,mot
yield,V,mot
vacant,V,mot
wastage,V,mot
youth,V,mot
vacation,Z,mot
waterproof,Z,mot
vaccination,Z,mot
wealth,Z,mot
zero,Z,mot
valuables,Z,mot
website,Z,mot
zone,Z,mot
varied,Z,mot
weight,Z,mot
variety,Z,mot
welfare,Z,mot